variant,run,avg_ms,match_total_ms,score_total_ms,score_all_only_ms,score_all_call_count,batched_score_all_call_count,batch_candidate_count,batch_scan_count,score_grouping_ms,score_vector_alloc_count,score_sort_ms,device_alloc_ms,h2d_grid_ms,h2d_scan_ms,h2d_cand_ms,h2d_total_ms,kernel_ms,d2h_score_ms,sync_ms,branch_ms
cpu_boundary_openmp,1,2.265,2.217,1.734,1.163,18.0,0.0,0.0,0.0,0.28,240.0,0.262,0.0,0.0,0.0,0.0,0.0,0.0,0.0,0.0,0.048
gpu_reuse_buffer,1,3.723,3.717,3.545,3.213,18.0,0.0,0.0,0.0,0.137,240.0,0.175,0.0,0.79,0.411,0.486,1.687,1.052,0.215,0.0,0.589
gpu_reuse_buffer_cached_grid,1,2.968,2.965,2.797,2.48,18.0,0.0,0.0,0.0,0.127,240.0,0.17,0.0,0.174,0.483,0.398,1.055,0.963,0.212,0.0,0.684
gpu_reuse_buffer_cached_grid_batched,1,1.46,1.458,1.286,1.055,4.0,4.0,3852.0,18.0,0.055,36.0,0.168,0.0,0.173,0.303,0.171,0.647,0.226,0.053,0.064,0.596
gpu_reuse_warp_cached_grid_batched,1,1.209,1.207,1.041,0.816,4.0,4.0,3852.0,18.0,0.053,36.0,0.165,0.0,0.147,0.18,0.179,0.506,0.188,0.051,0.0,0.517
gpu_shared,1,10.008,10.003,9.822,9.446,18.0,0.0,0.0,0.0,0.165,240.0,0.179,1.302,0.426,3.515,0.862,4.803,0.562,0.271,0.0,1.659
gpu_shared_batched,1,2.928,2.925,2.752,2.515,4.0,4.0,3852.0,18.0,0.057,36.0,0.171,0.307,0.117,1.006,0.155,1.277,0.258,0.07,0.0,1.774
gpu_shared_cached_grid,1,6.202,6.196,6.017,5.66,18.0,0.0,0.0,0.0,0.15,240.0,0.179,0.216,0.133,1.169,1.331,2.632,0.89,0.696,0.195,1.102
cpu_boundary_openmp,2,2.584,2.542,2.008,1.454,18.0,0.0,0.0,0.0,0.27,240.0,0.256,0.0,0.0,0.0,0.0,0.0,0.0,0.0,0.0,0.083
gpu_reuse_buffer,2,3.347,3.345,3.181,2.873,18.0,0.0,0.0,0.0,0.12,240.0,0.168,0.0,0.669,0.391,0.436,1.495,0.925,0.201,0.0,0.459
gpu_reuse_buffer_cached_grid,2,2.809,2.806,2.641,2.322,18.0,0.0,0.0,0.0,0.13,240.0,0.17,0.0,0.169,0.471,0.4,1.04,0.831,0.206,0.0,0.493
gpu_reuse_buffer_cached_grid_batched,2,1.312,1.31,1.14,0.911,4.0,4.0,3852.0,18.0,0.054,36.0,0.168,0.0,0.159,0.201,0.18,0.54,0.229,0.064,0.0,0.57
gpu_reuse_warp_cached_grid_batched,2,1.497,1.495,1.298,1.017,4.0,4.0,3852.0,18.0,0.071,36.0,0.2,0.0,0.192,0.241,0.2,0.633,0.204,0.081,0.0,0.7
gpu_shared,2,11.675,11.669,11.456,10.985,18.0,0.0,0.0,0.0,0.241,240.0,0.19,1.587,0.667,3.87,0.925,5.462,0.577,0.326,0.0,1.821
gpu_shared_batched,2,3.052,3.048,2.859,2.615,4.0,4.0,3852.0,18.0,0.056,36.0,0.18,0.324,0.13,1.066,0.15,1.346,0.252,0.074,0.0,1.916
gpu_shared_cached_grid,2,3.031,3.027,2.847,2.514,18.0,0.0,0.0,0.0,0.138,240.0,0.173,0.193,0.132,0.6,0.459,1.191,0.46,0.217,0.0,0.539
cpu_boundary_openmp,3,2.449,2.414,2.026,1.489,18.0,0.0,0.0,0.0,0.273,240.0,0.233,0.0,0.0,0.0,0.0,0.0,0.0,0.0,0.0,0.063
gpu_reuse_buffer,3,3.672,3.669,3.489,3.154,18.0,0.0,0.0,0.0,0.136,240.0,0.179,0.0,0.739,0.42,0.501,1.66,1.036,0.212,0.0,0.679
gpu_reuse_buffer_cached_grid,3,3.337,3.333,3.137,2.722,18.0,0.0,0.0,0.0,0.193,240.0,0.193,0.0,0.203,0.57,0.49,1.263,0.847,0.291,0.0,0.539
gpu_reuse_buffer_cached_grid_batched,3,1.352,1.35,1.182,0.954,4.0,4.0,3852.0,18.0,0.054,36.0,0.167,0.0,0.149,0.21,0.21,0.568,0.25,0.064,0.001,0.606
gpu_reuse_warp_cached_grid_batched,3,1.405,1.402,1.2,0.937,4.0,4.0,3852.0,18.0,0.062,36.0,0.193,0.0,0.171,0.211,0.192,0.573,0.202,0.074,0.0,0.623
gpu_shared,3,10.584,10.579,10.409,10.02,18.0,0.0,0.0,0.0,0.183,240.0,0.173,1.366,0.528,3.586,0.65,4.764,0.675,0.309,0.192,1.576
gpu_shared_batched,3,2.956,2.952,2.772,2.522,4.0,4.0,3852.0,18.0,0.069,36.0,0.173,0.329,0.138,1.001,0.146,1.286,0.247,0.063,0.0,1.788
gpu_shared_cached_grid,3,5.794,5.79,5.622,5.279,18.0,0.0,0.0,0.0,0.143,240.0,0.176,0.206,0.122,1.025,1.414,2.562,0.886,0.686,0.004,1.251
cpu_boundary_openmp,4,2.253,2.197,1.749,1.168,18.0,0.0,0.0,0.0,0.291,240.0,0.26,0.0,0.0,0.0,0.0,0.0,0.0,0.0,0.0,0.047
gpu_reuse_buffer,4,3.561,3.559,3.389,3.068,18.0,0.0,0.0,0.0,0.133,240.0,0.169,0.0,0.699,0.411,0.477,1.588,1.003,0.21,0.0,0.467
gpu_reuse_buffer_cached_grid,4,3.605,3.598,3.337,2.888,18.0,0.0,0.0,0.0,0.215,240.0,0.203,0.0,0.241,0.567,0.544,1.352,0.942,0.255,0.0,0.578
gpu_reuse_buffer_cached_grid_batched,4,1.256,1.254,1.091,0.858,4.0,4.0,3852.0,18.0,0.052,36.0,0.174,0.0,0.146,0.176,0.173,0.495,0.228,0.058,0.0,0.531
gpu_reuse_warp_cached_grid_batched,4,1.446,1.442,1.272,1.045,4.0,4.0,3852.0,18.0,0.054,36.0,0.167,0.0,0.168,0.305,0.224,0.697,0.193,0.063,0.0,0.749
gpu_shared,4,9.902,9.896,9.722,9.347,18.0,0.0,0.0,0.0,0.166,240.0,0.177,1.266,0.445,3.736,0.461,4.642,0.665,0.264,0.0,1.463
gpu_shared_batched,4,2.931,2.928,2.757,2.523,4.0,4.0,3852.0,18.0,0.055,36.0,0.171,0.302,0.115,1.066,0.142,1.323,0.255,0.059,0.0,1.849
gpu_shared_cached_grid,4,2.954,2.952,2.785,2.465,18.0,0.0,0.0,0.0,0.124,240.0,0.173,0.188,0.083,0.473,0.655,1.211,0.427,0.205,0.001,0.516
cpu_boundary_openmp,5,2.117,2.074,1.606,1.052,18.0,0.0,0.0,0.0,0.266,240.0,0.258,0.0,0.0,0.0,0.0,0.0,0.0,0.0,0.0,0.05
gpu_reuse_buffer,5,4.86,4.856,4.681,4.343,18.0,0.0,0.0,0.0,0.138,240.0,0.175,0.0,0.749,0.807,0.76,2.316,1.173,0.359,0.001,0.671
gpu_reuse_buffer_cached_grid,5,3.102,3.099,2.939,2.62,18.0,0.0,0.0,0.0,0.126,240.0,0.172,0.0,0.164,0.492,0.428,1.084,1.042,0.232,0.004,0.677
gpu_reuse_buffer_cached_grid_batched,5,1.541,1.539,1.368,1.131,4.0,4.0,3852.0,18.0,0.054,36.0,0.175,0.0,0.19,0.34,0.227,0.757,0.225,0.073,0.0,0.789
gpu_reuse_warp_cached_grid_batched,5,1.269,1.268,1.103,0.868,4.0,4.0,3852.0,18.0,0.055,36.0,0.174,0.0,0.152,0.224,0.17,0.546,0.193,0.052,0.0,0.567
gpu_shared,5,9.526,9.522,9.353,9.006,18.0,0.0,0.0,0.0,0.147,240.0,0.175,1.147,0.396,3.521,0.815,4.732,0.476,0.247,0.043,1.601
gpu_shared_batched,5,2.879,2.876,2.707,2.477,4.0,4.0,3852.0,18.0,0.054,36.0,0.169,0.293,0.137,0.968,0.182,1.287,0.254,0.06,0.0,1.628
gpu_shared_cached_grid,5,2.769,2.766,2.602,2.283,18.0,0.0,0.0,0.0,0.126,240.0,0.17,0.189,0.089,0.446,0.486,1.021,0.423,0.205,0.0,0.545
